sname,AvgScrRead,AvgScrMath,AvgScrWrite,Zip,TotalSatScore,MedianHouseholdIncome
FAME Public Charter,503,546,505,94560,1554,86521
Envision Academy for Arts & Technology,397,387,395,94612,1179,30879
Alameda Science and Technology Institute,562,590,555,94501,1707,70935
Alameda High,543,573,543,94501,1659,70935
Alameda Community Learning Center,575,593,581,94501,1749,70935
Alternatives in Action,352,350,343,94621,1045,30528
Encinal High,483,504,476,94501,1463,70935
Albany High,572,599,574,94706,1745,81746
REALM Charter High,384,360,386,94710,1130,60952
Berkeley High,583,580,574,94704,1737,30997
Castro Valley High,527,556,524,94546,1607,75500
Emery Secondary,420,433,441,94608,1294,55959
American High,573,608,592,94536,1773,92107
Irvington High,590,634,606,94538,1830,87652
John F. Kennedy High,485,509,485,94538,1479,87652
Mission San Jose High,653,699,671,94539,2023,144152
Washington High,546,587,549,94536,1682,92107
Leadership Public Schools - Hayward,439,490,443,94545,1372,71723
Impact Academy of Arts & Technology,435,451,444,94545,1330,71723
Hayward High,430,440,433,94541,1303,57895
Mt. Eden High,451,471,449,94545,1371,71723
Tennyson High,424,425,427,94544,1276,59699
Granada High,544,567,530,94550,1641,102952
Livermore High,543,554,536,94550,1633,102952
Newark Memorial High,486,498,487,94560,1471,86521
James Logan High,499,522,494,94587,1515,82564
Oakland Unity High,384,396,399,94605,1179,57610
MetWest High,418,387,385,94606,1190,37288
Bay Area Technology,401,428,390,94605,1219,57610
Lighthouse Community Charter High,432,483,447,94621,1362,30528
McClymonds High,355,350,353,94607,1058,34192
American Indian Public High,505,603,514,94607,1622,34192
Coliseum College Prep Academy,373,374,383,94621,1130,30528
Oakland Charter High,520,583,524,94601,1627,39601
ARISE High,359,367,369,94601,1095,39601
Oakland International High,308,352,327,94609,987,56378
Aspire Golden State College Preparatory Academy,376,371,383,94610,1130,73850
Castlemont High,355,348,351,94605,1054,57610
Fremont High,399,398,392,94601,1189,39601
LIFE Academy,378,374,377,94601,1129,39601
"Oakland Military Institute, College Preparatory Ac",417,429,418,NA,1264,NA
Aspire Lionel Wilson College Preparatory Academy,391,416,410,94603,1217,40962
Oakland High,414,436,417,94610,1267,73850
Oakland Technical High,515,520,503,94611,1538,107577
Skyline High,447,446,447,94619,1340,78676
Oakland School for the Arts,529,470,523,94612,1522,30879
Piedmont High,621,629,625,94611,1875,107577
San Leandro High,461,462,460,94577,1383,64660
East Bay Arts High,423,422,418,94541,1263,57895
KIPP King Collegiate High,482,475,478,94580,1435,71177
Arroyo High,489,521,479,94580,1489,71177
San Lorenzo High,423,447,426,94580,1296,71177
Dublin High,534,565,533,94568,1632,113616
Foothill High,585,607,587,94566,1779,120401
Amador Valley High,596,614,592,94566,1802,120401
Livermore Valley Charter Preparatory High,516,523,515,94551,1554,98321
Amador High,532,523,504,95685,1559,60648
Argonaut High,508,492,502,95642,1502,43981
CORE Butte Charter,532,462,485,95928,1479,45906
Biggs High,433,429,406,95917,1268,44500
Inspire School of Arts and Sciences,602,552,562,95926,1716,37296
Chico High,543,549,521,95926,1613,37296
Pleasant Valley High,526,555,508,95926,1589,37296
Durham High,498,484,472,95938,1454,60750
Las Plumas High,511,522,489,95966,1522,40775
Oroville High,464,485,446,95966,1395,40775
Paradise Senior High,526,545,504,95969,1575,41982
Gridley High,498,491,497,95948,1486,44423
Bret Harte Union High,547,550,541,95221,1638,NA
Calaveras High,513,503,485,95249,1501,41458
Colusa High,472,501,454,95932,1427,46453
Maxwell Jr/Sr High,466,442,449,NA,1357,NA
Pierce High,458,443,432,95912,1333,50764
Williams Junior/Senior High,467,448,474,95987,1389,55355
Making Waves Academy,454,478,452,94806,1384,52173
Clayton Valley Charter High,512,508,501,94521,1521,84819
Acalanes High,586,604,587,94549,1777,137344
Campolindo High,603,617,616,94556,1836,133088
Las Lomas High,565,554,560,94596,1679,78856
Miramonte High,628,633,633,94563,1894,166147
Dozier-Libbey Medical High,496,485,495,94531,1476,88693
Deer Valley High,478,477,464,94531,1419,88693
Antioch High,477,465,463,94509,1405,54372
John Swett High,477,512,485,94525,1474,81667
Heritage High,520,510,511,94513,1541,89607
Freedom High,470,455,464,94561,1389,77706
Liberty High,479,479,476,94513,1434,89607
Alhambra Senior High,518,543,523,94553,1584,76669
Northgate High,568,586,566,94598,1720,121337
College Park High,540,558,527,94523,1625,81685
Concord High,491,505,488,94521,1484,84819
Mt. Diablo High,437,436,436,94520,1309,47656
Ygnacio Valley High,458,455,451,94518,1364,73040
Pittsburg Senior High,446,436,442,94565,1324,55865
Leadership Public Schools: Richmond,394,413,410,94801,1217,38856
North Campus Continuation,324,307,328,94806,959,52173
Middle College High,500,526,509,94806,1535,52173
Vista High (Alternative),393,378,404,94806,1175,52173
Hercules High,451,454,454,94547,1359,100204
De Anza Senior High,399,395,409,NA,1203,NA
El Cerrito Senior High,444,445,439,NA,1328,NA
Gompers (Samuel) Continuation,314,289,312,NA,915,NA
Kennedy High,346,345,348,NA,1039,NA
Pinole Valley High,426,417,422,94564,1265,74283
Richmond High,357,354,358,94804,1069,49541
Dougherty Valley High,604,651,613,94582,1868,138371
California High,576,606,571,94583,1753,121948
Venture (Alternative),559,539,523,94582,1621,138371
Monte Vista High,566,591,566,94526,1723,128802
San Ramon Valley High,574,587,567,94526,1728,128802
Del Norte High,476,510,464,95531,1450,41136
Charter Community School Home Study Academy,564,550,527,95667,1641,55710
Oak Ridge High,546,570,542,95762,1658,117700
Union Mine High,533,517,498,95623,1548,55878
El Dorado High,534,522,516,95667,1572,55710
Ponderosa High,539,564,527,95682,1630,77416
South Tahoe High,503,502,488,96150,1493,47500
Golden Sierra Junior Senior High,537,541,514,95633,1592,70938
Clovis North High,524,535,519,93730,1578,120672
Clovis West High,508,526,507,93720,1541,77092
Buchanan High,522,524,507,93611,1553,77930
Clovis East High,467,471,455,93611,1393,77930
Clovis High,484,492,477,93611,1453,77930
Coalinga High,465,446,455,93210,1366,50290
Fowler High,424,417,423,93625,1264,42250
Design Science Early College High,487,502,468,NA,1457,NA
University High,604,587,593,93740,1784,NA
Bullard High,473,463,460,93704,1396,48461
Erma Duncan Polytechnical High,396,418,389,93726,1203,32471
Sunnyside High,403,411,399,93727,1213,46394
Edison High,471,470,458,93706,1399,29197
Fresno High,424,428,416,93704,1268,48461
Herbert Hoover High,415,417,401,93710,1233,42844
McLane High,370,388,376,93703,1134,28406
Roosevelt High,377,384,379,93702,1140,26031
Kingsburg High,487,481,471,93631,1439,58381
Orange Cove High,393,395,405,93646,1193,27914
Reedley High,456,462,448,93654,1366,47882
Parlier High,387,398,386,93648,1171,32175
Hallmark Charter,475,445,460,93657,1380,49785
Sanger High,434,446,430,93657,1310,49785
Selma High,434,422,425,93662,1281,43442
Firebaugh High,401,373,396,93622,1170,32125
Central High East Campus,451,449,449,93722,1349,54381
Kerman High,434,426,425,93630,1285,42303
Mendota High,385,395,378,93640,1158,25741
Tranquillity High,375,402,386,93668,1163,38665
Sierra High,522,500,501,93667,1523,53385
Riverdale High,422,424,429,93656,1275,45485
Caruthers High,413,422,397,NA,1232,NA
Willows High,459,473,468,95988,1400,48443
Orland High,498,480,480,95963,1458,39485
Hamilton High,456,465,466,95951,1387,37500
Northcoast Preparatory and Performing Arts Academy,620,534,579,95521,1733,32711
Six Rivers Charter High,531,528,472,95521,1531,32711
Arcata High,574,555,540,95521,1669,32711
McKinleyville High,501,500,486,95519,1487,50051
Academy of the Redwoods,577,542,524,95501,1643,38175
Fortuna Union High,491,493,480,95540,1464,42655
Hoopa Valley High,470,440,442,95546,1352,26281
South Fork Junior - Senior High,544,509,499,95553,1552,41393
Ferndale High,507,520,511,95536,1538,50227
Eureka Senior High,517,523,502,95501,1542,38175
Brawley High,452,451,442,NA,1345,NA
Calexico High,431,432,425,92231,1288,34733
Calipatria High,464,453,446,92233,1363,32328
Southwest High,476,482,468,92243,1426,42206
Central Union High,468,486,464,92243,1418,42206
Holtville High,441,451,434,92250,1326,43264
Imperial High,495,494,474,92251,1463,76526
Bishop Union High,494,506,476,93514,1476,51250
Paramount Academy,373,390,377,NA,1140,NA
Valley Oaks Charter,499,476,502,93301,1477,30963
Cesar E. Chavez High,439,463,439,93215,1341,36321
Robert F. Kennedy High,443,449,449,93215,1341,36321
Delano High,436,453,422,93215,1311,36321
Golden Valley High,431,425,424,93307,1280,34358
Frontier High,486,503,475,93314,1464,96446
Mira Monte High,398,406,403,93307,1207,34358
Arvin High,420,424,417,93203,1261,35429
Stockdale High,524,548,520,93311,1592,87720
Centennial High,509,519,489,93312,1517,93588
Ridgeview High,436,443,421,93313,1300,64803
Bakersfield High,486,492,457,93301,1435,30963
East Bakersfield High,425,429,435,93306,1289,52203
Highland High,470,454,445,93306,1369,52203
Kern Valley High,482,464,467,93240,1413,26054
North High,467,460,443,93308,1370,41737
Shafter High,442,464,440,93263,1346,40833
South High,417,420,400,93304,1237,35150
West High,450,455,432,93309,1337,47369
California City High,445,431,424,93505,1300,57731
Desert Junior-Senior High,502,505,489,93523,1496,53456
Rosamond High,465,471,463,NA,1399,NA
Taft Union High,464,471,452,93268,1387,46615
Tehachapi High,528,518,501,93561,1547,60513
Wasco High,432,448,433,93280,1313,39206
Burroughs High,518,536,514,93555,1568,62533
McFarland High,407,420,394,NA,1221,NA
Frazier Mountain High,473,469,443,93243,1385,60724
Corcoran High,443,446,431,93212,1320,34565
Sierra Pacific High,481,483,464,93230,1428,53008
Hanford West High,448,454,450,93230,1352,53008
Hanford High,460,449,436,93230,1345,53008
Lemoore Middle College High,485,468,464,93245,1417,51280
Lemoore High,470,468,459,93245,1397,51280
Avenal High,376,357,372,93204,1105,29302
Kelseyville High,500,468,491,95451,1459,45392
Lower Lake High,463,457,459,95457,1379,42829
Clear Lake High,500,511,497,95453,1508,45299
Middletown High,507,518,489,95461,1514,52143
Upper Lake High,450,412,436,95485,1298,29708
Lassen High,492,507,484,96130,1483,54527
Academia Avance Charter,380,386,382,90042,1148,51427
Los Angeles International Charter High,401,420,428,NA,1249,NA
L.A. County High School for the Arts,565,509,570,90032,1644,45208
International Polytechnic High,508,519,495,91768,1522,47177
Soledad Enrichment Action Charter High,338,305,335,90004,978,38493
Cerritos High,535,587,546,90703,1668,90613
Artesia High,453,466,450,90715,1369,64701
Whitney (Gretchen) High,639,687,661,90703,1987,90613
Gahr (Richard) High,485,509,477,90703,1471,90613
William J. (Pete) Knight High,441,435,442,93552,1318,56738
Eastside High,420,408,409,93535,1237,42835
SOAR High (Students On Academic Rise),517,513,496,93536,1526,70724
Antelope Valley High,412,400,405,93534,1217,35600
Palmdale High,446,427,433,93550,1306,38502
Quartz Hill High,499,494,486,92534,1479,NA
Littlerock High,423,426,422,93543,1271,57588
Lancaster High,470,462,449,93536,1381,70724
Arcadia High,578,635,592,91007,1805,72255
Rancho Learning Center (Alternative),605,641,601,91006,1847,84021
Azusa High,440,445,431,91702,1316,54769
Gladstone High,445,432,434,91722,1311,63740
Opportunities For Learning - Baldwin Park II,434,397,426,91107,1257,84761
Baldwin Park High,459,473,446,91706,1378,51234
Sierra Vista High,454,463,448,91706,1365,51234
Opportunities for Learning - Baldwin Park,441,419,447,91706,1307,51234
Bassett Senior High,427,436,431,91746,1294,59502
Bellflower High,465,482,445,90706,1392,49360
Mayfair High,490,495,478,90713,1463,87095
Beverly Hills High,574,589,588,90212,1751,84516
Bonita High,495,500,500,91750,1495,76912
San Dimas High,497,491,487,91773,1475,78501
Burbank High,516,532,513,91502,1561,40208
Options for Youth-Burbank Charter,467,439,464,91506,1370,70408
Hawthorne High,412,405,420,90250,1237,45766
Lawndale High,428,429,423,90260,1280,51769
Leuzinger High,391,410,391,90260,1192,51769
Charter Oak High,470,485,466,91724,1421,75420
Claremont High,517,525,519,91711,1561,89508
Covina High,454,462,452,91723,1368,60532
Northview High,433,431,426,91722,1290,63740
South Hills High,488,499,476,91723,1463,60532
Culver City High,514,516,502,90230,1532,73786
Downey High,464,456,454,90241,1374,56059
Warren High,467,473,458,NA,1398,NA
Duarte High,448,465,446,91010,1359,60118
El Monte High,434,454,430,91731,1318,36955
Mountain View High,442,461,444,95623,1347,55878
Rosemead High,473,505,469,91770,1447,47078
South El Monte High,436,458,427,91733,1321,40930
El Rancho High,441,458,435,90660,1334,56607
El Segundo High,523,518,513,90245,1554,84004
Crescenta Valley High,561,599,566,91214,1726,89849
Glendale High,502,536,495,91205,1533,37414
Anderson W. Clark Magnet High,523,580,539,91214,1642,89849
Glendora High,534,554,525,91741,1613,81250
Gorman Learning Center,516,473,473,92374,1462,66590
Hawthorne Math and Science Academy,493,513,492,90250,1498,45766
Inglewood High,387,389,394,90301,1170,37813
Morningside High,380,368,379,90303,1127,40807
City Honors College Preparatory Academy,439,429,442,NA,1310,NA
Animo Inglewood Charter High,433,466,448,90305,1347,62558
La Canada High,604,627,605,91011,1836,152210
Agoura High,571,576,573,91301,1720,109913
Calabasas High,545,547,554,91302,1646,121715
Environmental Charter High,443,445,446,90260,1334,51769
"Lennox Mathematics, Science and Technology Academy",432,426,418,90304,1276,36778
Animo Leadership High,405,424,416,90301,1245,37813
Avalon K-12,501,515,492,90704,1508,55882
Jordan High,392,397,389,90805,1178,45197
Lakewood High,469,469,454,90713,1392,87095
Millikan High,472,465,464,90815,1401,79525
Polytechnic High,479,483,473,90813,1435,31215
Wilson High,494,494,485,90804,1473,44629
California Academy of Mathematics and Science,581,602,579,90747,1762,NA
Cabrillo High,405,408,388,90810,1201,49087
Renaissance High School for the Arts,506,459,483,90813,1448,31215
High Tech LA,525,542,508,91406,1575,50381
Wallis Annenberg High,414,424,416,90037,1254,26638
Central City Value,399,395,404,90004,1198,38493
View Park Preparatory Accelerated High,385,374,382,NA,1141,NA
Crenshaw Arts-Technology Charter High,375,362,381,NA,1118,NA
Oscar De La Hoya Animo Charter High,392,391,398,90023,1181,37082
Renaissance Arts Academy,512,499,506,90065,1517,52794
Animo South Los Angeles Charter,387,372,376,90047,1135,40528
New Designs Charter,397,410,411,90007,1218,22646
Harbor Teacher Preparation Academy,510,538,509,90744,1557,41578
Ivy Academia,416,418,431,91304,1265,58361
Camino Nuevo Charter High,406,418,413,90026,1237,46435
Animo Venice Charter High,416,411,414,90291,1241,81025
Animo Pat Brown,386,412,377,90001,1175,34050
Alliance Gertz-Ressler Richard Merkin 6-12 Complex,415,430,436,90007,1281,22646
Orthopaedic Hospital,448,449,444,90007,1341,22646
Northridge Academy High,461,463,464,91325,1388,57883
International Studies Learning Center at Legacy Hi,453,465,457,NA,1375,NA
Port of Los Angeles High,483,500,487,90731,1470,49786
CHAMPS - Charter HS of Arts-Multimedia & Performin,501,464,497,NA,1462,NA
Alliance Judy Ivie Burton Technology Academy High,391,413,408,90003,1212,30016
Alliance Collins Family College-Ready High,381,408,390,90255,1179,35985
Santee Education Complex,388,371,382,90011,1141,29889
South East High,433,425,439,90280,1297,43526
Maywood Academy High,421,436,420,90270,1277,36450
PUC CA Academy for Liberal Studies Early College H,422,435,437,NA,1294,NA
Los Angeles Academy of Arts & Enterprise Charter,385,386,388,NA,1159,NA
New Village Girls Academy,370,320,374,90026,1064,46435
Alliance Patti And Peter Neuwirth Leadership Acade,378,397,386,NA,1161,NA
Alliance Dr. Olga Mohan High,390,422,407,90015,1219,28953
Animo Ralph Bunche High,361,385,387,NA,1133,NA
Animo Jackie Robinson High,381,398,377,90007,1156,22646
Animo Watts College Preparatory Academy,371,359,362,90061,1092,34566
Alliance Ouchi-O'Donovan 6-12 Complex,388,381,397,90043,1166,38738
Alliance Marc & Eva Stern Math and Science,426,433,439,90032,1298,45208
School of Business and Tourism at Contreras Learni,401,400,403,NA,1204,NA
East Valley Senior High,397,404,415,91601,1216,47202
Arleta High,390,404,397,91331,1191,51345
Panorama High,413,421,411,91402,1245,39009
Bright Star Secondary Charter Academy,431,443,435,90047,1309,40528
Frederick Douglass Academy High,377,365,378,90018,1120,32104
Student Empowerment Academy,360,370,372,90011,1102,29889
Contreras Learning Center-Los Angeles School of Gl,386,397,378,NA,1161,NA
West Adams Preparatory High,391,405,385,90007,1181,22646
Magnolia Science Academy 3,407,433,418,90746,1258,75031
Magnolia Science Academy 2,446,457,427,91406,1330,50381
Discovery Charter Preparatory No. 2,365,371,373,NA,1109,NA
Alliance Media Arts and Entertainment Design High,371,384,375,NA,1130,NA
Edward R. Roybal Learning Center,418,409,408,90026,1235,46435
Helen Bernstein High,391,389,391,90028,1171,31742
APEX Academy,376,371,368,90028,1115,31742
Alliance Health Services Academy High,380,390,393,NA,1163,NA
Alliance Environmental Science and Technology High,430,423,444,NA,1297,NA
Magnolia Science Academy 4,409,407,405,90064,1221,86573
Contreras Learning Center-Academic Leadership Comm,384,412,390,NA,1186,NA
RFK Community Schools-Los Angeles High School of t,408,411,409,NA,1228,NA
Belmont SH-LA Teacher Preparatory Academy,331,359,339,NA,1029,NA
RFK Community Schools- for the Visual Arts and Hum,392,416,394,NA,1202,NA
New Millennium Secondary,387,378,388,90248,1153,51956
Alain Leroy Locke College Prep Academy,358,377,364,NA,1099,NA
Sun Valley High,391,408,385,91352,1184,49088
RFK Community Schools-New Open World Academy K-12,402,387,402,NA,1191,NA
RFK Community Schools-UCLA Community K-12,384,404,392,NA,1180,NA
Ramon C. Cortines School of Visual and Performing,451,434,446,NA,1331,NA
Felicitas and Gonzalo Mendez High,390,396,382,90033,1168,27190
New Designs Charter School-Watts,393,375,371,90061,1139,34566
Daniel Pearl Journalism & Communications Magnet,489,462,470,91406,1421,50381
RFK Community Schools-Ambassador-Global Leadership,419,406,412,NA,1237,NA
Alliance Cindy and Bill Simon Technology Academy H,382,395,364,NA,1141,NA
Alliance Tennenbaum Family Technology High,393,407,385,90065,1185,52794
Academy of Environmental & Social Policy (ESP) at,396,386,390,NA,1172,NA
"Math, Science, & Technology Magnet Academy at Roos",450,455,447,NA,1352,NA
East Los Angeles Performing Arts Academy at Esteba,375,375,378,NA,1128,NA
Humanitas Academy of Art and Technology at Esteban,382,377,386,NA,1145,NA
Social Justice Leadership Academy at Esteban E. To,364,357,371,NA,1092,NA
East Los Angeles Renaissance Academy at Esteban E.,404,393,388,NA,1185,NA
Engineering and Technology Academy at Esteban E. T,402,393,395,NA,1190,NA
PUC Lakeview Charter High,380,395,390,91342,1165,60899
Aspire Pacific Academy,401,405,394,90255,1200,35985
Alliance College-Ready Academy High 16,382,387,378,NA,1147,NA
Valley Academy of Arts and Sciences,447,432,440,91344,1319,77247
"Cesar E. Chavez Learning Academies-Arts,Theatre, E",361,354,369,NA,1084,NA
Cesar E. Chavez Learning Academies-Social Justice,392,387,401,NA,1180,NA
Cesar E. Chavez Learning Academies-Academy of Scie,427,396,413,NA,1236,NA
Cesar E. Chavez Learning Academies-Teacher Prepara,402,389,401,NA,1192,NA
Los Angeles River at Sonia Sotomayor Learning Acad,390,379,383,NA,1152,NA
School of History and Dramatic Arts at Sonia Sotom,433,427,430,NA,1290,NA
Dr. Maya Angelou Community High,368,345,363,90011,1076,29889
Public Service Community at Diego Rivera Learning,383,389,406,NA,1178,NA
Communication and Technology at Diego Rivera Learn,384,387,373,NA,1144,NA
Green Design at Diego Rivera Learning Complex,370,375,375,NA,1120,NA
Performing Arts Community at Diego Rivera Learning,353,368,372,NA,1093,NA
Rancho Dominguez Preparatory,423,407,420,90810,1250,49087
Synergy Quantum Academy,425,412,419,90011,1256,29889
Animo College Preparatory Academy,350,343,359,90002,1052,30214
Alliance Renee and Meyer Luskin Academy High,372,402,364,90043,1138,38738
PUC Early College Academy for Leaders and Scholars,383,381,401,NA,1165,NA
Leadership in Entertainment and Media Arts (LEMA),361,346,354,90031,1061,34656
STEM Academy at Bernstein High,391,392,399,90028,1182,31742
Augustus F. Hawkins High A Critical Design and Gam,361,356,354,NA,1071,NA
Augustus F. Hawkins High B Community Health Advoca,356,328,366,NA,1050,NA
Augustus F. Hawkins High C Responsible Indigenous,342,341,346,NA,1029,NA
Linda Esperanza Marquez High A Huntington Park Ins,428,405,431,NA,1264,NA
Linda Esperanza Marquez High B LIBRA Academy,427,427,410,90255,1264,35985
Linda Esperanza Marquez High C School of Social Ju,436,445,423,NA,1304,NA
"Science, Technology, Engineering, Arts and Mathema",384,382,383,NA,1149,NA
Visual and Performing Arts at Legacy High School C,392,379,386,NA,1157,NA
Academy for Multilingual Arts and Science at Mervy,366,350,377,NA,1093,NA
Academies of Education and Empowerment at Carson H,410,417,403,NA,1230,NA
Academy of Medical Arts at Carson High,417,431,417,90745,1265,71757
Humanities and Arts (HARTS) Academy of Los Angeles,446,421,425,90710,1292,54630
Contreras Learning Center-School of Social Justice,377,369,383,90017,1129,21009
Phineas Banning Senior High,405,424,408,90744,1237,41578
Bell Senior High,420,439,420,90201,1279,37013
Belmont Senior High,390,409,401,90026,1200,46435
Birmingham Community Charter High,433,428,433,91406,1294,50381
Canoga Park Senior High,442,429,426,91303,1297,46187
Carson Senior High,438,431,432,90745,1301,71757
Chatsworth Charter High,458,455,446,91311,1359,80279
Valley Alternative Magnet,463,469,457,NA,1389,NA
Grover Cleveland Charter High,507,507,509,91335,1523,51398
"Crenshaw Science, Technology, Engineering, Math an",375,374,368,NA,1117,NA
Susan Miller Dorsey Senior High,374,359,378,90016,1111,38050
Eagle Rock High,469,471,460,90041,1400,64545
El Camino Real Charter High,517,532,514,91367,1563,77152
Los Angeles Center for Enriched Studies,550,579,559,90035,1688,75327
Downtown Business High,475,505,464,90012,1444,29492
Fairfax Senior High,454,466,450,90046,1370,56337
John H. Francis Polytechnic,437,455,439,91352,1331,49088
King/Drew Medical Magnet High,447,451,458,90059,1356,33678
Benjamin Franklin Senior High,440,448,427,90042,1315,51427
John C. Fremont Senior High,386,388,383,90003,1157,30016
Sherman Oaks Center for Enriched Studies,517,521,525,91335,1563,51398
Gardena Senior High,421,400,417,90248,1238,51956
James A. Garfield Senior High,408,420,404,90022,1232,39051
Granada Hills Charter High,539,560,543,NA,1642,NA
Ulysses S. Grant Senior High,429,430,438,91401,1297,48994
Alexander Hamilton Senior High,482,462,481,90034,1425,56743
Hollywood Senior High,448,447,444,90028,1339,31742
Huntington Park Senior High,387,391,388,90255,1166,35985
Thomas Jefferson Senior High,368,377,373,90011,1118,29889
David Starr Jordan Senior High,402,394,389,90002,1185,30214
Abraham Lincoln Senior High,432,462,425,90031,1319,34656
Los Angeles Senior High,414,430,410,90019,1254,43244
Manual Arts Senior High,373,374,376,90037,1123,26638
John Marshall Senior High,490,493,485,90027,1468,50316
James Monroe High,438,430,437,91343,1305,55238
Nathaniel Narbonne Senior High,446,446,438,90710,1330,54630
North Hollywood Senior High,517,516,510,91601,1543,47202
Reseda Senior High,446,449,440,NA,1335,NA
Theodore Roosevelt Senior High,392,396,390,90033,1178,27190
San Fernando Senior High,416,436,413,91340,1265,55217
San Pedro Senior High,460,456,455,90731,1371,49786
South Gate Senior High,409,410,421,90280,1240,43526
Sylmar Senior High,411,417,406,NA,1234,NA
William Howard Taft Charter High,511,530,524,NA,1565,NA
University Senior High,457,462,456,NA,1375,NA
Van Nuys Senior High,518,539,511,91411,1568,43758
Venice Senior High,475,480,468,90066,1423,68346
Verdugo Hills Senior High,449,479,449,91042,1377,57640
George Washington Preparatory High,375,360,375,90047,1110,40528
WESM Health/Sports Medicine,445,425,435,90045,1305,78082
Woodrow Wilson Senior High,398,408,396,90032,1202,45208
Francisco Bravo Medical Magnet High,477,485,474,90033,1436,27190
Palisades Charter High,531,538,525,90272,1594,157938
City of Angels,507,451,501,90063,1459,39206
Los Angeles Leadership Academy,418,426,425,90031,1269,34656
Elizabeth Learning Center,407,393,414,90201,1214,37013
Thirty-Second Street USC Performing Arts,447,442,442,90007,1331,22646
Vaughn Next Century Learning Center,459,444,446,91340,1349,55217
Robert Fulton College Preparatory,390,379,399,91405,1168,38162
Foshay Learning Center,438,442,453,90018,1333,32104
Magnolia Science Academy,475,501,470,91335,1446,51398
Marco Antonio Firebaugh High,404,405,412,90262,1221,42057
Lynwood High,400,406,403,90262,1209,42057
Canyon Oaks High,390,363,397,91016,1150,72168
Monrovia High,491,499,480,91016,1470,72168
Mountain Park,489,441,468,91016,1398,72168
Applied Technology Center,422,411,420,90640,1253,47436
Schurr High,464,472,467,90640,1403,47436
Bell Gardens High,420,420,422,90201,1262,37013
Montebello High,427,451,435,90640,1313,47436
John H. Glenn High,375,385,367,90650,1127,60523
La Mirada High,439,436,437,90638,1312,79858
Norwalk High,404,405,413,90650,1222,60523
El Camino High (Continuation),324,314,321,90604,959,65640
Guidance Charter,403,370,407,93550,1180,38502
Palos Verdes Peninsula High,594,635,607,90274,1836,156250
Palos Verdes High,565,583,564,90274,1712,156250
Paramount High,424,434,414,90723,1272,43784
Blair High,489,495,475,91106,1459,72192
Marshall Fundamental,496,477,474,91104,1447,70811
John Muir High,417,407,410,91103,1234,59099
Pasadena High,486,484,477,91107,1447,84761
Ganesha High,417,429,418,91768,1264,47177
Garey High,433,433,439,91766,1305,48896
Pomona High,409,410,412,91767,1231,49206
Diamond Ranch High,489,497,472,91766,1458,48896
Village Academy High School at Indian Hill,433,426,442,91767,1301,49206
Fremont Academy of Engineering and Design,451,433,433,91766,1317,48896
Palomares Academy of Health Science,424,441,388,91767,1253,49206
San Marino High,601,657,613,91108,1871,120152
Santa Monica High,531,541,524,90405,1596,78756
Malibu High,557,560,553,90265,1670,124814
South Pasadena Senior High,565,608,563,91030,1736,80479
Temple City High,545,600,556,91780,1701,63045
Torrance High,495,521,500,90501,1516,59878
California Virtual Academy @ Los Angeles,549,502,521,93065,1572,94173
Edgewood High,503,522,493,91790,1518,66057
Insight @ Los Angeles,453,437,425,93065,1315,94173
West Covina High,477,506,471,91791,1454,70841
La Serna High,486,488,470,90605,1444,66706
Pioneer High,410,451,422,90606,1283,63833
Santa Fe High,434,442,438,90670,1314,51935
Whittier High,450,452,442,90601,1344,70841
West Ranch High,530,554,539,91381,1623,114608
Santa Clarita Valley International,464,423,443,91384,1330,102273
Canyon High,497,509,492,91351,1498,70858
Saugus High,535,541,518,91350,1594,97921
William S. Hart High,523,534,510,91321,1567,57654
Valencia High,529,544,528,91355,1601,89596
Opportunities for Learning - Santa Clarita,492,439,489,91355,1420,89596
Academy of the Canyons,610,591,596,91355,1797,89596
Compton High,394,378,394,90220,1166,45474
Dominguez High,413,406,410,90221,1229,42753
La Puente High,424,429,423,91744,1276,57789
Los Altos High,471,475,464,91745,1410,76447
Glen A. Wilson High,520,575,531,91745,1626,76447
William Workman High,420,451,415,91744,1286,57789
Nogales High,442,470,436,91744,1348,57789
John A. Rowland High,535,597,541,91748,1673,60896
Diamond Bar High,558,615,568,91765,1741,90966
Walnut High,558,598,559,91789,1715,93509
Gabrielino High,522,557,518,91776,1597,48302
Options for Youth San Gabriel,474,413,455,91776,1342,48302
Vasquez High,517,486,500,93510,1503,89403
Mira Costa High,571,584,577,90266,1732,142071
Redondo Union High,526,540,520,90277,1586,99398
School of Arts and Enterprise,453,427,473,91767,1353,49206
Alhambra High,480,524,470,91801,1474,51225
Mark Keppel High,521,595,526,91801,1642,51225
San Gabriel High,475,535,473,91776,1483,48302
Lifeline Education Charter,346,306,359,90221,1011,42753
Da Vinci Science,472,478,467,90245,1417,84004
Da Vinci Design,459,442,459,90250,1360,45766
Chowchilla Union High,443,440,439,93610,1322,39051
Madera South High,414,417,414,93637,1245,49121
Madera High,453,455,455,93637,1363,49121
Minarets High,516,469,472,93645,1457,93529
Minarets Charter High,492,453,463,93645,1408,93529
Yosemite High,516,524,500,93644,1540,44223
Novato High,534,533,533,94947,1600,81879
San Marin High,528,532,526,94945,1586,83638
San Rafael High,494,518,503,94901,1515,76909
Terra Linda High,522,518,529,94903,1569,86196
Tamiscal High (Alternative),574,554,559,94939,1687,93750
Sir Francis Drake High,576,569,566,94960,1711,108295
Redwood High,583,593,579,94939,1755,93750
Tamalpais High,578,571,576,94941,1725,121209
Tomales High,471,491,468,94971,1430,42500
Mariposa County High,534,550,513,95338,1597,47692
Anderson Valley Junior-Senior High,463,526,484,95415,1473,34643
Fort Bragg High,510,485,495,95437,1490,38276
Mendocino High,582,522,527,95460,1631,49470
Point Arena High,472,448,440,95468,1360,44412
Redwood Academy of Ukiah,566,552,540,95482,1658,45953
Ukiah High,519,533,515,95482,1567,45953
Willits High,503,475,473,95490,1451,37692
Potter Valley High,491,439,456,95469,1386,49545
Hilmar High,462,453,447,95324,1362,51286
Le Grand High,415,413,425,95333,1253,42366
Pacheco High,445,451,441,93635,1337,45056
Los Banos High,457,465,458,93635,1380,45056
Buhach Colony High,443,447,438,95301,1328,48488
Atwater High,451,446,433,95301,1330,48488
Livingston High,448,442,442,95334,1332,50740
Merced High,482,491,465,95348,1438,40903
Gustine High,443,444,452,95322,1339,40732
Dos Palos High,431,429,422,93620,1282,34869
Delhi High,399,403,419,95315,1221,44771
Modoc High,515,518,500,96101,1533,41016
Lee Vining High,481,452,489,93541,1422,53750
Mammoth High,500,505,492,93546,1497,65156
Carmel High,601,584,575,93923,1760,98219
Greenfield High,429,389,427,93927,1245,52233
King City High,470,463,457,93930,1390,42454
Marina High,479,478,454,94579,1411,75481
Monterey High,493,492,491,93940,1476,67716
Seaside High,433,452,423,93955,1308,52420
Pacific Grove High,561,547,542,93950,1650,70230
Alisal High,437,449,431,93905,1317,42807
Everett Alvarez High,450,438,446,93906,1334,55082
North Salinas High,453,445,448,93906,1346,55082
Salinas High,499,504,487,93901,1490,49491
North Monterey County High,449,424,437,95012,1310,52015
Soledad High,447,449,428,93960,1324,47098
Gonzales High,428,397,425,93926,1250,51044
Calistoga Junior-Senior High,428,430,432,NA,1290,NA
American Canyon High,469,463,470,94503,1402,81918
Vintage High,491,494,489,94558,1474,72720
New Technology High,522,469,500,94559,1491,58363
Napa High,513,521,500,94558,1534,72720
Saint Helena High,523,471,513,94574,1507,81788
Bitney College Preparatory High,506,473,482,NA,1461,NA
Forest Charter,522,500,508,95959,1530,58913
William & Marian Ghidotti High,622,608,576,95945,1806,42778
Bear River High,555,555,540,95949,1650,60459
Nevada Union High,550,552,534,95945,1636,42778
OCCS:CHEP/PCHS,531,527,528,92780,1586,64089
Cypress High,521,551,513,90630,1585,84051
Anaheim High,436,448,432,92805,1316,54422
Oxford Academy,627,669,634,90630,1930,84051
Katella High,444,451,428,92806,1323,62828
Loara High,441,455,445,92804,1341,52408
Magnolia High,442,447,443,92804,1332,52408
Savanna High,437,455,444,92801,1336,47672
Western High,462,483,444,92804,1389,52408
Brea-Olinda High,520,545,521,92821,1586,80163
Capistrano Connections Academy,537,513,512,NA,1562,NA
San Juan Hills High,545,533,534,92675,1612,72465
Capistrano Valley High,542,558,537,92692,1637,102045
Aliso Niguel High,563,574,548,92656,1685,101292
Tesoro High,549,569,545,92688,1663,100694
San Clemente High,537,530,522,92673,1589,125629
Dana Hills High,540,541,527,92629,1608,88384
Buena Park High,456,456,449,90621,1361,56219
Fullerton Union High,494,518,499,92832,1511,58853
La Habra High,491,501,474,90631,1466,66553
Sonora High,511,530,517,90631,1558,66553
Sunny Hills High,538,586,551,92833,1675,67019
Troy High,611,653,617,92831,1881,57333
Bolsa Grande High,490,521,491,92844,1502,48345
Garden Grove High,475,499,476,92840,1450,61934
La Quinta High,495,552,497,92683,1544,53559
Los Amigos High,436,455,441,92708,1332,82005
Pacifica High,501,522,498,94565,1521,55865
Rancho Alamitos High,476,503,478,92841,1457,53059
Santiago High,451,455,443,92843,1349,52536
Ocean View High,481,486,472,92647,1439,74637
Fountain Valley High,542,578,543,92708,1663,82005
Huntington Beach High,542,558,534,92648,1634,85857
Westminster High,479,521,472,92683,1472,53559
Laguna Beach High,572,585,577,92651,1734,98697
Early College High,463,492,478,92626,1433,80132
Corona del Mar High,570,588,566,92660,1724,112008
Costa Mesa High,480,492,478,92626,1450,80132
Estancia High,455,457,431,92627,1343,57708
Newport Harbor High,519,529,514,92663,1562,86967
El Modena High,519,533,513,92869,1565,88160
Orange High,459,478,448,92867,1385,78072
Villa Park High,515,525,509,92861,1549,150864
Yorba Linda High,540,571,543,92886,1654,110054
Esperanza High,533,556,527,92807,1616,94697
Nova Academy,448,443,448,NA,1339,NA
Segerstrom High,471,471,463,92704,1405,59412
Hector G. Godinez,440,457,433,92704,1330,59412
OCSA,590,565,582,92701,1737,39060
Saddleback High,394,422,397,92707,1213,57038
Santa Ana High,403,420,401,92701,1224,39060
Valley High,403,432,415,94568,1250,113616
El Toro High,530,557,521,92630,1608,84785
Laguna Hills High,543,550,527,92653,1620,92806
Trabuco Hills High,535,554,517,92691,1606,93713
Mission Viejo High,541,553,528,92691,1622,93713
Arnold O. Beckman High,565,595,572,92602,1732,104149
Tustin High,458,457,453,92780,1368,64089
Irvine High,568,609,583,92604,1760,91180
Woodbridge High,571,614,577,92604,1762,91180
Northwood High,604,656,621,92620,1881,102160
Los Alamitos High,528,541,517,90720,1586,95631
John Adams Academy,594,550,576,NA,1720,NA
Foresthill High,505,535,490,95631,1530,63901
Colfax High,536,527,531,95713,1594,60720
Del Oro High,534,545,519,95650,1598,84133
Placer High,539,542,530,95603,1611,56049
Antelope High,485,483,469,95843,1437,64773
Woodcreek High,519,529,501,95747,1549,92678
Granite Bay High,555,575,551,95746,1681,118919
Oakmont High,527,532,510,95661,1569,72459
Roseville High,502,517,493,95678,1512,62969
North Tahoe High,518,512,508,96145,1538,68887
Tahoe Truckee High,533,540,511,96161,1584,75172
Horizon Charter,484,452,456,95648,1392,70820
Lincoln High,492,497,476,95648,1465,70820
Whitney High,523,530,502,95765,1555,87100
Western Sierra Collegiate Academy,571,536,547,95765,1654,87100
Rocklin High,537,560,527,95765,1624,87100
Chester Junior/Senior High,481,528,471,96020,1480,42433
Portola Junior/Senior High,516,529,498,96122,1543,34945
Quincy Junior/Senior High,550,540,523,95971,1613,51869
River Springs Charter,489,458,478,92590,1425,49423
La Sierra High,473,478,458,92505,1409,55947
Norte Vista High,439,450,432,92503,1321,55051
Banning High,419,407,414,92220,1240,39917
Beaumont Senior High,474,465,474,92223,1413,64738
Eleanor Roosevelt High,486,490,486,92880,1462,101303
Corona High,470,480,468,92882,1418,71793
Norco High,482,496,476,92860,1454,85361
Shadow Hills High,436,428,434,92201,1298,40024
Palm Desert High,516,510,508,92260,1534,50309
Indio High,424,403,430,92201,1257,40024
Tahquitz High,443,443,445,92545,1331,40119
College Prep High,495,484,463,92544,1442,42084
West Valley High,460,461,462,92545,1383,40119
Hemet High,483,488,470,92544,1441,42084
Patriot High,467,481,463,92509,1411,57286
Jurupa Valley High,438,447,439,91752,1324,62372
Rubidoux High,434,445,433,92509,1312,57286
Santa Rosa Academy,531,506,503,92584,1540,75928
Canyon Springs High,444,443,440,92557,1327,60655
Valley View High,440,464,445,92555,1349,73352
Vista del Lago High,436,434,424,92551,1294,50449
Moreno Valley High,417,421,419,92553,1257,42984
Nuview Bridge Early College High,473,488,471,92567,1432,55069
Cathedral City High,443,440,432,92234,1315,43170
Desert Hot Springs High,432,427,429,92240,1288,35315
Palm Springs High,458,457,447,92262,1362,46519
Palo Verde High,451,462,437,92225,1350,43638
California Military Institute,437,441,423,92570,1301,42698
Paloma Valley High,468,474,450,92584,1392,75928
Perris High,410,420,410,92571,1240,51116
Arlington High,449,453,445,92503,1347,55051
Martin Luther King Jr. High,500,524,494,92508,1518,92684
John W. North High,461,471,458,92507,1390,41051
Ramona High,440,452,442,92504,1334,57052
San Jacinto High,440,432,425,92583,1297,39528
San Jacinto Valley Academy,480,498,466,92583,1444,39528
Desert Mirage High,412,404,414,92274,1230,27890
NOVA Academy - Coachella,406,408,403,92236,1217,40897
West Shores High,400,399,396,92275,1195,19375
Coachella Valley High,408,433,409,92274,1250,27890
Lakeside High,457,460,454,92530,1371,49552
Temescal Canyon High,486,494,472,92330,1452,NA
Elsinore High,483,489,472,92330,1444,NA
Great Oak High,523,521,505,92592,1549,89541
Temecula Valley High,499,487,485,92390,1471,NA
Chaparral High,501,498,491,92591,1490,70380
Temecula Preparatory,548,524,539,92596,1611,85914
Vista Murrieta High,494,495,491,92563,1480,77105
Murrieta Mesa High,488,493,478,92562,1459,75448
Murrieta Valley High,512,523,506,92562,1541,75448
Citrus Hill High,415,427,405,92570,1247,42698
Rancho Verde High,438,441,430,92551,1309,50449
Monterey Trail High,459,471,444,95624,1374,80233
Pleasant Grove High,530,563,513,95624,1606,80233
Cosumnes Oaks High,508,514,491,95757,1513,87782
Florin High,425,449,420,95828,1294,45439
Laguna Creek High,494,505,483,95758,1482,70003
Sheldon High,486,500,472,95829,1458,74530
Franklin High,514,536,512,95757,1562,87782
Elk Grove High,501,527,493,95624,1521,80233
Cordova High,488,488,466,95670,1442,55656
Folsom High,550,573,538,95630,1661,100308
Liberty Ranch High,504,519,496,95632,1519,61255
Galt High,462,480,448,95632,1390,61255
Rio Vista High,477,461,484,92509,1422,57286
Delta High,486,459,467,95612,1412,53194
George Washington Carver School of Arts and Scienc,548,504,526,NA,1578,NA
The MET,486,457,468,95818,1411,58272
Rosemont High,467,488,452,95827,1407,50528
Sacramento Charter High,410,405,403,95820,1218,40730
Arthur A. Benjamin Health Professions High,447,440,449,95818,1336,58272
School of Engineering & Sciences,448,469,420,95831,1337,68679
West Campus,497,514,500,95820,1511,40730
Luther Burbank High,399,427,397,95823,1223,36731
Hiram W. Johnson High,410,423,401,95820,1234,40730
C. K. McClatchy High,524,532,512,95818,1568,58272
Aspire Alexander Twilight Secondary Academy,420,418,403,95821,1241,38777
Mesa Verde High,457,434,449,95621,1340,51827
Bella Vista High,549,562,530,95628,1641,72739
Options for Youth-San Juan,451,422,431,95608,1304,55256
Visions In Education,571,527,533,95608,1631,55256
Casa Roble Fundamental High,495,491,486,95662,1472,65122
Del Campo High,501,488,489,95628,1478,72739
El Camino Fundamental High,512,515,496,95821,1523,38777
Encina Preparatory High,391,413,389,95825,1193,37382
Mira Loma High,594,624,583,95821,1801,38777
Rio Americano High,539,548,536,95864,1623,83467
San Juan High,414,449,420,95610,1283,50536
Center High,496,524,466,95843,1486,64773
Inderkum High,459,462,449,95835,1370,80449
Natomas Pacific Pathways Prep,482,496,477,95834,1455,56651
Natomas High,459,451,454,95834,1364,56651
Natomas Charter,528,500,524,95835,1552,80449
Futures High,457,492,489,95838,1438,39481
Heritage Peak Charter,478,462,458,95673,1398,50854
Grant Union High,400,401,395,95838,1196,39481
Highlands High,435,440,407,95422,1282,25934
Rio Linda High,449,468,443,95673,1360,50854
San Benito High,477,472,476,95023,1425,69678
Anzar High,496,506,479,95045,1481,55250
Barstow High,451,474,445,92311,1370,45889
Big Bear High,502,519,491,92314,1512,46518
Alta Loma High,482,488,466,91701,1436,76994
Etiwanda High,489,501,478,91739,1468,100049
Rancho Cucamonga High,493,501,489,91701,1483,76994
Los Osos High,523,544,511,91737,1578,98407
Colony High,457,466,450,91761,1373,61270
Chaffey High,453,450,445,91762,1348,50707
Montclair High,438,456,426,91763,1320,49056
Ontario High,428,458,428,91762,1314,50707
Don Antonio Lugo High,468,462,461,91710,1391,71825
Ruben S. Ayala High,513,542,510,91709,1565,97609
Chino Hills High,508,531,508,91709,1547,97609
Chino High,456,460,452,91710,1368,71825
Grand Terrace High School at the Ray Abril Jr. Edu,451,451,441,NA,1343,NA
Bloomington High,432,442,430,92316,1304,48788
Colton High,427,452,428,92324,1307,41278
Summit High,439,439,425,92336,1303,87425
Jurupa Hills High,437,436,424,92337,1297,69966
Fontana A. B. Miller High,448,447,432,92336,1327,87425
Henry J. Kaiser High,425,427,417,92337,1269,69966
Fontana High,435,448,429,92335,1312,43092
Academy of Careers and Exploration,454,495,462,92342,1411,66775
Twentynine Palms High,486,503,478,92277,1467,37316
Yucca Valley High,493,497,494,92284,1484,42517
Needles High,446,453,409,92363,1308,32710
Riverside Preparatory,460,452,447,92368,1359,33125
Citrus Valley High,488,492,473,92374,1453,66590
Redlands East Valley High,506,511,498,92374,1515,66590
Grove,552,506,535,92373,1593,63948
Redlands Senior High,523,538,515,92374,1576,66590
Wilmer Amina Carter High,429,436,436,92377,1301,80130
Rialto High,428,437,421,92376,1286,44965
Eisenhower Senior High,433,456,427,92376,1316,44965
Rim of the World Senior High,506,496,484,92352,1486,72479
Options for Youth-San Bernardino,456,436,457,92408,1349,33750
Indian Springs High,404,404,400,92410,1208,27120
Arroyo Valley High,415,423,406,92411,1244,32747
Cajon High,465,467,456,92407,1388,51702
Pacific High,415,426,403,94577,1244,64660
San Bernardino High,424,426,415,92405,1265,37591
San Gorgonio High,426,434,424,92404,1284,38767
University Preparatory,500,507,500,92392,1507,56277
Adelanto High,423,418,421,92392,1262,56277
Options for Youth-Victorville Charter,436,409,419,92392,1264,56277
Excelsior Charter,511,475,473,92395,1459,38709
Silverado High,431,431,422,92691,1284,93713
Victor Valley High,430,442,428,92395,1300,38709
Yucaipa High,482,489,481,92399,1452,59302
Silver Valley High,507,497,486,92398,1490,63750
Serrano High,503,508,493,92371,1504,50744
Summit Leadership Academy-High Desert,394,388,370,92345,1152,42323
Encore Jr./Sr. High School for the Performing and,491,464,486,NA,1441,NA
Oak Hills High,456,461,450,92344,1367,69171
Hesperia High,440,432,434,92345,1306,42323
Sultana High,459,461,448,92345,1368,42323
Lucerne Valley High,400,395,397,92356,1192,33582
Upland High,495,505,490,91786,1490,51105
Apple Valley High,481,473,471,92307,1425,57124
Granite Hills High,488,468,479,92307,1435,57124
Academy for Academic Excellence,524,494,505,92307,1523,57124
San Pasqual Academy,395,373,363,92025,1131,45433
Borrego Springs High,459,445,434,92004,1338,36500
Coronado High,543,549,532,92118,1624,90876
Dehesa Charter,588,496,529,92026,1613,53820
Classical Academy High,568,557,548,92025,1673,45433
San Pasqual High,530,540,522,92025,1592,45433
Escondido Charter High,533,536,513,92027,1582,53473
Escondido High,484,480,465,92026,1429,53820
Orange Glen High,445,445,435,92027,1325,53473
Fallbrook High,489,498,474,92028,1461,57223
Valhalla High,528,540,516,92019,1584,74797
West Hills High,508,529,494,92071,1531,74393
Steele Canyon High,502,504,492,91978,1498,66483
Grossmont Middle College High,552,534,525,92020,1611,49851
El Cajon Valley High,443,456,455,92021,1354,50035
El Capitan High,475,484,463,95348,1422,40903
Grossmont High,507,507,490,91944,1504,NA
Helix High,475,491,464,91941,1430,71661
Mount Miguel High,420,446,414,91977,1280,60124
Santana High,509,527,501,92071,1537,74393
Julian Charter,534,509,517,92036,1560,51667
River Valley Charter,556,546,555,92040,1657,64787
Mountain Empire High,468,470,466,91962,1404,100398
Mt. Carmel High,551,568,536,92129,1655,109267
Rancho Bernardo High,563,593,559,92128,1715,90298
Westview High,583,608,581,92129,1772,109267
Poway High,557,571,552,92064,1680,96297
High Tech High International,488,499,477,92106,1464,81973
San Diego International Studies,531,529,523,92101,1583,52314
San Diego Business/Leadership,406,410,402,92101,1218,52314
San Diego MVP Arts,401,393,405,92101,1199,52314
Kearny Digital Media & Design,490,452,482,92111,1424,55635
Kearny SCT,464,493,452,NA,1409,NA
Kearny International Business,455,471,450,NA,1376,NA
"Kearny Eng, Innov & Design",436,438,426,NA,1300,NA
Crawford High,380,411,380,92115,1171,42828
San Diego Science and Technology,432,428,423,92101,1283,52314
San Diego Metro Career and Tech,480,462,489,92111,1431,55635
High Tech High Media Arts,485,480,457,92106,1422,81973
Health Sciences High,447,437,422,92105,1306,36893
San Diego Early/Middle College,529,517,483,NA,1529,NA
King-Chavez Community High,375,382,369,92101,1126,52314
Gompers Preparatory Academy,367,357,363,92102,1087,41575
Coleman Tech Charter High,503,492,453,NA,1448,NA
Serra High,457,480,452,92124,1389,80625
Mira Mesa High,499,525,480,92126,1504,85707
University City High,516,525,501,92122,1542,71307
San Diego SCPA,494,474,484,92139,1452,59679
Mt. Everest Academy,533,531,521,92117,1585,65319
Scripps Ranch High,565,594,564,92131,1723,119924
Charter School of San Diego,498,443,479,92121,1420,103598
Preuss School UCSD,512,539,520,92093,1571,NA
Clairemont High,486,485,473,92117,1444,65319
High Tech High,505,503,477,92106,1485,81973
Audeo Charter,499,451,483,92121,1433,103598
Henry High,520,533,495,92376,1548,44965
Hoover High,408,427,411,92115,1246,42828
La Jolla High,567,591,554,92037,1712,95306
Madison High,450,455,443,92117,1348,65319
Mission Bay High,437,446,430,92109,1313,67025
Morse High,456,487,455,92114,1398,57287
Point Loma High,523,521,506,92106,1550,81973
Canyon Crest Academy,611,626,611,92130,1848,131166
Torrey Pines High,612,639,617,92130,1868,131166
La Costa Canyon High,542,574,542,92009,1658,102212
San Dieguito High Academy,562,580,553,NA,1695,NA
California Virtual Academy @ San Diego,562,538,517,93065,1617,94173
Olympian High,495,500,476,91913,1471,84741
Southwest Senior High,441,447,437,92154,1325,60162
Bonita Vista Senior High,503,512,484,91913,1499,84741
Castle Park Senior High,449,449,426,91911,1324,48891
Eastlake High,507,520,498,91915,1525,99606
Chula Vista Senior High,460,461,441,91911,1362,48891
San Ysidro High,444,462,431,92154,1337,60162
Otay Ranch Senior High,493,498,474,91913,1465,84741
Hilltop Senior High,481,472,458,91910,1411,54640
Mar Vista Senior High,479,481,462,91932,1422,48117
Sweetwater High,437,459,437,91950,1333,39533
Montgomery Senior High,451,450,438,92154,1339,60162
Mission Vista High,516,507,501,92057,1524,64976
Rancho Buena Vista High,501,518,495,92081,1514,54565
Guajome Park Academy Charter,541,523,531,92083,1595,46073
Vista High,493,496,475,95667,1464,55710
Carlsbad High,555,564,538,92008,1657,66000
Oceanside High,472,505,454,92054,1431,50568
El Camino High,500,511,486,92057,1497,64976
Mission Hills High,508,497,495,92069,1500,52457
San Marcos High,523,525,508,NA,1556,NA
Valley Center High,489,499,474,NA,1462,NA
High Tech High Chula Vista,478,469,471,91915,1418,99606
High Tech High North County,516,503,511,92078,1530,55530
City Arts and Tech High,410,413,395,94112,1218,71505
S.F. International High,321,450,318,94107,1089,120610
Academy of Arts and Sciences,447,413,456,NA,1316,NA
Wallenberg (Raoul) Traditional High,468,514,456,94115,1438,85330
Burton (Phillip and Sala) Academic High,443,480,431,94134,1354,60230
Balboa High,467,504,467,94112,1438,71505
International Studies Academy,430,423,409,94107,1262,120610
"Asawa (Ruth) San Francisco School of the Arts, A P",577,541,553,NA,1671,NA
Marshall (Thurgood) High,364,445,364,94124,1173,49594
Leadership High,399,390,408,94112,1197,71505
Gateway High,495,491,483,94115,1469,85330
Galileo High,445,510,444,94109,1399,63173
Lincoln (Abraham) High,468,529,461,94116,1458,84828
Lowell High,595,636,594,90604,1825,65640
Mission High,400,464,399,95938,1263,60750
O'Connell (John) High,412,418,409,94110,1239,84488
Washington (George) High,464,529,462,94121,1455,70220
San Francisco Flex Academy,501,509,502,94122,1512,86070
Venture Academy,491,456,458,95206,1405,42404
Escalon High,493,498,486,95320,1477,55599
Linden High,498,483,487,95236,1468,76542
Aspire Benjamin Holt College Preparatory Academy,500,502,503,95212,1505,59965
Ronald E. McNair High,440,451,436,95210,1327,38510
Bear Creek High,478,510,467,95209,1455,72218
Tokay High,493,502,485,95240,1480,40021
Lodi High,498,520,501,95242,1519,64355
Weston Ranch High,458,461,454,95206,1373,42404
Lathrop High,442,432,432,95330,1306,63248
East Union High,482,485,474,95336,1441,56885
Manteca High,481,484,467,95336,1432,56885
"Humphreys College Academy of Business, Law and Edu",420,449,424,NA,1293,NA
Delta Charter,474,439,468,95304,1381,78640
California Connections Academy @ Ripon,542,487,535,95366,1564,75300
Ripon High,497,494,487,95366,1478,75300
Cesar Chavez High,413,410,417,95212,1240,59965
Edward C. Merlo Institute of Environmental Studies,359,361,370,95206,1090,42404
Aspire Langston Hughes Academy,407,431,408,95205,1246,33357
Stockton Unified Early College Academy,531,551,519,NA,1601,NA
Stockton Collegiate International Secondary,496,436,475,95202,1407,15023
Health Careers Academy,421,416,418,95203,1255,37264
Weber Institute,440,431,420,95203,1291,37264
Stagg Senior High,426,425,425,95207,1276,38563
Millennium Charter,483,487,480,95376,1450,62262
John C. Kimball High,500,509,500,95377,1509,96860
Merrill F. West High,491,504,479,95376,1474,62262
Tracy High,499,508,496,95376,1503,62262
Atascadero High,546,532,521,93422,1599,66014
Nipomo High,508,511,490,93444,1509,61379
Arroyo Grande High,535,543,524,93420,1602,66506
Morro Bay High,544,551,512,93442,1607,52579
San Luis Obispo High,572,571,549,93401,1692,52906
Templeton High,535,524,521,93465,1580,83194
Paso Robles High,508,504,490,NA,1502,NA
Coast Union High,522,506,486,NA,1514,NA
Half Moon Bay High,525,525,524,94019,1574,103378
Jefferson High,455,468,451,94014,1374,71668
Oceana High,534,550,532,94044,1616,96719
Terra Nova High,537,548,523,94044,1608,96719
Westmoor High,498,540,496,94015,1534,78564
Aragon High,567,581,572,94402,1720,115807
Burlingame High,557,586,560,94010,1703,118125
Capuchino High,495,508,487,94066,1490,81369
Hillsdale High,524,554,520,94403,1598,95189
Mills High,545,592,543,94030,1680,92006
San Mateo High,558,576,559,94401,1693,72279
Summit Preparatory Charter High,532,531,522,94063,1585,54003
Everest Public High,553,551,538,94063,1642,54003
East Palo Alto Academy,385,422,403,94303,1210,89464
Carlmont High,575,604,569,94002,1748,105985
Menlo-Atherton High,580,593,575,94025,1748,119095
Sequoia High,510,536,526,95340,1572,49688
Woodside High,500,510,499,94062,1509,126557
South San Francisco High,481,499,477,94080,1457,78378
Carpinteria Senior High,479,499,470,93013,1448,68884
Lompoc High,474,478,464,93436,1416,54980
Orcutt Academy Charter,514,508,492,93455,1514,72212
Pioneer Valley High,455,463,451,93454,1369,52564
Ernest Righetti High,486,500,482,93455,1468,72212
Santa Maria High,416,447,415,93454,1278,52564
Santa Ynez Valley Union High,521,530,516,93460,1567,91737
Alta Vista Alternative High,568,548,558,93101,1674,54945
Dos Pueblos Senior High,539,557,529,93117,1625,55801
San Marcos Senior High,518,532,514,93110,1564,75915
Santa Barbara Senior High,537,539,529,93103,1605,67383
Leadership Public Schools - San Jose,377,392,381,95122,1150,57470
University Preparatory Academy Charter,535,546,537,95125,1618,102479
Summit Public School: Tahoma,490,483,483,95123,1456,90881
Leigh High,551,573,544,95124,1668,106660
Branham High,539,543,540,95118,1622,90984
Prospect High,534,552,531,95070,1617,167386
Westmont High,528,537,529,95008,1594,88987
KIPP San Jose Collegiate,467,508,482,95133,1457,72459
Summit Public School: Rainier,488,497,493,95127,1478,70692
Yerba Buena High,450,487,454,95122,1391,57470
Santa Teresa High,516,536,508,95123,1560,90881
Latino College Preparatory Academy,367,383,380,95127,1130,70692
Evergreen Valley High,558,601,565,95148,1724,107324
Andrew P. Hill High,492,527,493,95111,1512,57047
James Lick High,440,467,440,95127,1347,70692
Mount Pleasant High,448,481,442,NA,1371,NA
Oak Grove High,494,519,487,95123,1500,90881
William C. Overfelt High,434,471,429,95122,1334,57470
Piedmont Hills High,527,570,538,95132,1635,98026
Silver Creek High,516,551,511,95121,1578,85514
Cupertino High,598,660,619,95014,1877,130961
Homestead High,586,627,591,95014,1804,130961
Lynbrook High,639,698,664,95129,2001,107493
Monta Vista High,638,691,657,95014,1986,130961
Dr. T. J. Owens Gilroy Early College Academy,567,563,552,NA,1682,NA
Christopher High,489,487,484,95020,1460,82748
Gilroy High,465,476,464,95020,1405,82748
Los Gatos High,595,608,589,95030,1792,154107
Saratoga High,639,674,650,95070,1963,167386
Ann Sobrato High,522,536,515,95037,1573,95435
Live Oak High,479,473,474,95037,1426,95435
Henry M. Gunn High,642,686,646,94306,1974,111602
Palo Alto High,627,657,624,94301,1908,134907
Gunderson High,477,474,461,95136,1412,87500
Leland High,600,641,603,95120,1844,152721
Abraham Lincoln High,489,491,484,95126,1464,72877
San Jos High,442,450,455,NA,1347,NA
Willow Glen High,501,508,496,95125,1505,102479
Santa Clara High,512,522,504,95051,1538,101292
Adrian Wilcox High,521,540,526,95051,1587,101292
Milpitas High,527,563,524,95035,1614,98899
Pacific Collegiate Charter,638,638,630,95060,1906,62365
Cypress Charter High,549,462,506,NA,1517,NA
Pajaro Valley High,433,436,430,95076,1299,56671
Aptos High,532,529,521,95003,1582,83902
Watsonville High,437,452,433,95076,1322,56671
Ocean Grove Charter,620,546,554,95006,1720,75510
San Lorenzo Valley High,535,521,517,95018,1573,72161
Harbor High,498,518,497,95062,1513,62253
Santa Cruz High,555,570,547,95060,1672,62365
Soquel High,534,505,532,95073,1571,80133
Scotts Valley High,550,551,547,95066,1648,108919
Anderson High,472,484,455,96007,1411,38907
Fall River Junior-Senior High,508,535,511,96056,1554,44348
Enterprise High,536,544,507,93630,1587,42303
Shasta High,554,549,546,96001,1649,46422
Central Valley High,483,487,467,96019,1437,40455
Mt. Shasta High,529,501,513,96067,1543,46318
Weed High,474,481,467,96094,1422,41772
Yreka High,517,520,482,96097,1519,28953
Etna Union High,527,516,488,96027,1531,43430
Benicia High,554,560,538,94510,1652,89500
Dixon High,489,517,472,95620,1478,66291
Angelo Rodriguez High,490,487,489,94534,1466,91882
Armijo High,498,504,494,94533,1496,56973
Fairfield High,458,453,451,94533,1362,56973
Vanden High,513,510,504,94533,1527,56973
Will C. Wood High,487,523,475,95687,1485,73684
Elise P. Buckingham Charter Magnet High,545,537,533,95687,1615,73684
Vacaville High,499,515,492,95688,1506,81860
Jesse M. Bethel High,453,464,447,94591,1364,73870
Vallejo High,434,426,418,94590,1278,40826
Analy High,551,563,544,95472,1658,68804
El Molino High,532,523,514,95436,1569,53368
Cloverdale High,465,473,468,95425,1406,57400
Casa Grande High,526,549,525,94954,1600,81980
Petaluma High,560,553,550,94952,1663,75221
Roseland Charter,406,406,410,95407,1222,53652
Elsie Allen High,451,476,457,95407,1384,53652
Maria Carrillo High,571,587,563,95409,1721,65425
Montgomery High,540,563,535,95405,1638,72156
Piner High,480,490,476,95403,1446,63029
Santa Rosa High,554,550,549,95401,1653,52813
Sonoma Valley High,478,496,481,95476,1455,60100
Technology High,574,587,567,94928,1728,57484
Rancho Cotate High,478,484,467,94928,1429,57484
Windsor High,518,496,516,95492,1530,81093
Healdsburg High,518,526,508,95448,1552,62076
Valley Charter High,523,476,489,95350,1488,40461
Whitmore Charter High,561,522,542,95307,1625,45631
Ceres High,458,464,450,95307,1372,45631
Denair High,473,450,449,95316,1372,67639
James C. Enochs High,499,514,487,95355,1500,56646
Joseph A. Gregori High,480,479,465,95356,1424,65208
Fred C. Beyer High,509,509,489,95355,1507,56646
Peter Johansen High,449,446,435,95357,1330,53235
Grace M. Davis High,460,454,442,95350,1356,40461
Thomas Downey High,494,499,483,95355,1476,56646
Modesto High,481,484,479,95351,1444,34732
Patterson High,440,435,437,95363,1312,53466
Orestimba High,428,452,444,95360,1324,42213
Hughson High,471,476,456,95326,1403,54366
Riverbank High,433,458,434,95367,1325,59056
Oakdale High,509,511,502,95361,1522,57652
Waterford High,464,481,465,95386,1410,47868
Connecting Waters Charter,541,506,504,95386,1551,47868
John H. Pitman High,483,495,480,95382,1458,64874
Turlock High,486,493,479,95380,1458,39743
East Nicolaus High,507,505,487,95659,1499,54444
South Sutter Charter,523,488,465,95659,1476,54444
Sutter High,492,499,471,95982,1462,63816
River Valley High,488,502,479,95993,1469,64034
Yuba City High,483,493,476,95991,1452,43165
Corning High,478,469,452,96021,1399,39756
Los Molinos High,449,445,412,96055,1306,40747
Red Bluff High,499,526,490,96080,1515,39288
Trinity High,498,490,462,96093,1450,44554
University Preparatory High,514,481,498,93277,1493,51056
Orosi High,412,419,414,93647,1245,32898
Lindsay Senior High,411,404,415,93247,1230,34505
Mission Oak High,437,452,435,93274,1324,45591
Tulare Union High,460,468,447,93274,1375,45591
Tulare Western High,451,450,452,93274,1353,45591
Visalia Charter Independent Study,437,422,442,93291,1301,50833
Golden West High,478,469,468,93292,1415,51341
El Diamante High,480,465,475,93277,1420,51056
Mt. Whitney High,478,478,460,93277,1416,51056
Farmersville High,399,413,400,93223,1212,32273
Harmony Magnet Academy,472,483,464,93267,1419,33162
Monache High,458,487,447,93257,1392,39551
Porterville High,431,449,442,93257,1322,39551
Strathmore High,393,383,388,93267,1164,33162
Dinuba High,422,434,412,93618,1268,38269
Woodlake High,443,448,438,93286,1329,41579
Exeter Union High,478,486,485,93221,1449,48470
Summerville High,504,489,491,95379,1484,54792
Fillmore Senior High,471,493,451,93015,1415,56567
Nordhoff High,521,529,505,93023,1555,64843
Adolfo Camarillo High,530,561,521,93012,1612,93523
Channel Islands High,431,448,432,93033,1311,55210
Hueneme High,433,424,432,93033,1289,55210
Oxnard High,474,484,469,93036,1427,65701
Rio Mesa High,485,493,476,93030,1454,57860
Santa Susana High,564,573,556,93063,1693,83974
Royal High,520,529,514,93065,1563,94173
Simi Valley High,528,551,524,93063,1603,83974
Foothill Technology High,542,539,530,93003,1611,69616
Buena High,507,513,489,93003,1509,69616
Ventura High,517,519,508,93001,1544,54945
Westlake High,570,592,573,91362,1735,100747
Newbury Park High,555,570,542,91320,1667,106365
Thousand Oaks High,543,559,540,91360,1642,91617
Oak Park High,580,591,586,91377,1757,117326
Oak Park Independent,519,459,488,91377,1466,117326
The High School at Moorpark College,527,506,519,93021,1552,99537
Moorpark High,541,550,533,93021,1624,99537
Santa Paula High,416,431,421,93060,1268,54782
Da Vinci Charter Academy,589,573,558,95616,1720,45332
Davis Senior High,596,620,590,95616,1806,45332
Esparto High,448,451,449,95627,1348,57664
River City High,457,453,443,95691,1353,65769
Winters High,487,467,473,95694,1427,58517
Woodland Senior High,477,469,468,95695,1414,52274
Lindhurst High,428,450,423,95961,1301,46441
Marysville Charter Academy for the Arts,501,494,484,95901,1479,42319
Marysville High,489,513,487,95901,1489,42319
Wheatland Union High,480,475,463,95692,1418,62043